Nombre;Apellidos;Curso;Email
Saad;Hussain;4º;sahk@gmail.com
Jorge;Sutil;3º;js@gmail.com
Raul;Fernandez;5º;rf24@gmail.com
Francisco;Fernandez;1º;frfer@gmail.com
Francisco;Fernandez;1º;frfer@gmail.com
Saad;Hussain;4º;sahk@gmail.com
Jorge;Sutil;3º;js@gmail.com
Raul;Fernandez;5º;rf24@gmail.com
Francisco;Fernandez;1º;frfer@gmail.com
Francisco;Fernandez;1º;frfer@gmail.com
Saad;Hussain;4º;sahk@gmail.com
Jorge;Sutil;3º;js@gmail.com
Raul;Fernandez;5º;rf24@gmail.com
Francisco;Fernandez;1º;frfer@gmail.com
Francisco;Fernandez;1º;frfer@gmail.com
Saad;Hussain;4º;sahk@gmail.com
Jorge;Sutil;3º;js@gmail.com
Raul;Fernandez;5º;rf24@gmail.com
Francisco;Fernandez;1º;frfer@gmail.com
Francisco;Fernandez;1º;frfer@gmail.com
